Year,ANN Prediction,Linear Regression,Random Forest
2021,1251.0856,1201.7313606818043,1796.8552325720011
